{
  "test_results": {
    "final_return": -0.579462451254642,
    "sharpe_ratio": -0.5144788773596943,
    "max_drawdown": 0.7466296867361072,
    "total_trades": 83,
    "win_rate": 44.57831325301205
  },
  "training_results": {
    "final_profit": -0.7273459539273275,
    "final_trades": 100,
    "final_sharpe": 0
  },
  "comparison": {
    "buy_hold_return": 31.529583653489745,
    "random_return": -38.134975043425314,
    "outperformance_bh": -32.10904610474439,
    "outperformance_random": 37.55551259217067
  },
  "model_config": {
    "architecture": "Dueling DQN with Noisy Networks",
    "replay": "Prioritized Experience Replay",
    "features": 25,
    "hidden_dim": 512,
    "learning_rate": 5e-05
  },
  "timestamp": "2025-06-10T22:14:45.544763"
}