{
  "test_results": {
    "final_return": -100.0,
    "sharpe_ratio": -0.7263844137020519,
    "max_drawdown": 100.0,
    "total_trades": 15,
    "win_rate": 66.66666666666666
  },
  "training_results": {
    "final_profit": -100.0,
    "final_trades": 40,
    "final_sharpe": -3.7445350150752605
  },
  "comparison": {
    "buy_hold_return": 28.91767569973549,
    "random_return": -36.2968590043149,
    "outperformance_bh": -128.9176756997355,
    "outperformance_random": -63.7031409956851
  },
  "model_config": {
    "architecture": "Dueling DQN with Noisy Networks",
    "replay": "Prioritized Experience Replay",
    "features": 19,
    "hidden_dim": 512,
    "learning_rate": 5e-05
  },
  "timestamp": "2025-06-10T16:40:55.163069"
}