{
  "ohlcv": {
    "means": [
      -7.987329631494627,
      -7.985908881343886,
      -7.989729820253666,
      -7.987007727804847,
      0.2573409197047524
    ],
    "stds": [
      8.923092994468355,
      8.922925874506387,
      8.923836110596099,
      8.922976616732962,
      0.3650779854566926
    ],
    "columns": [
      "open",
      "high",
      "low",
      "close",
      "volume"
    ],
    "is_volume_col": [
      false,
      false,
      false,
      false,
      true
    ],
    "log_transform": true
  },
  "other": {
    "means": [
      -4.106163578288125e-17,
      -1.0265408945720313e-17,
      7.699056709290234e-18,
      -2.822987460073086e-17
    ],
    "stds": [
      1.0,
      1.0,
      1.0,
      1.0
    ],
    "columns": [
      "quote_volume",
      "trades",
      "taker_buy_base_volume",
      "taker_buy_quote_volume"
    ],
    "log_transform": false
  }
}